Nome"ABDO",
"ABMAEL",
"ABNER",
"ABRAHAO",
"ACACIA",
"ACACIO",
"ACILENE",
"ACSA",
"ACYNELLY",
"ADA",
"ADAILDE",
"ADAILDO",
"ADAILSON",
"ADAILTON",
"ADALA",
"ADALBERTO",
"ADALGIZA",
"ADAM",
"ADAMO",
"ADAUTO",
"ADDISON",
"ADEILDE",
"ADEILZE",
"ADELAIDE",
"ADELARDO",
"ADELE",
"ADELENA",
"ADELSON",
"ADEMAR",
"ADEMIR",
"ADENILDA",
"ADENYLZA",
"ADERSON",
"ADILA",
"ADILIANE",
"ADILSON",
"ADIR",
"ADJA",
"ADLAREG",
"ADLEY",
"ADNA",
"ADRIAN",
"ADRIANA",
"ADRIANE",
"ADRIANNE",
"ADRIANO",
"ADRIAO",
"ADSON",
"AFONSO",
"AFRANIO",
"AGAMENON",
"AGDA",
"AGNALDO",
"AGNES",
"AGOSTINHO",
"AGUINALDO",
"AILTON",
"AIRAN",
"AIRTON",
"AISLANIA",
"AISSA",
"AKALINE",
"ALAN",
"ALANA",
"ALANE",
"ALANNA",
"ALBA",
"ALBANYRA",
"ALBERTO",
"ALBIMAR",
"ALCIDES",
"ALCILEA",
"ALCILEIA",
"ALCIO",
"ALCIONE",
"ALCIVAN",
"ALDA",
"ALDACI",
"ALDAIR",
"ALDAYR",
"ALDENOR",
"ALDO",
"ALDOMAR",
"ALEKSANDR",
"ALESSANDRA",
"ALESSANDRO",
"ALEX",
"ALEXANDRE",
"ALEXANDRO",
"ALEXEY",
"ALEXIA",
"ALEXSANDRA",
"ALEXSANDRO",
"ALIANDA",
"ALIANI",
"ALICE",
"ALINE",
"ALIPIO",
"ALISSON",
"ALLAN",
"ALLYNE",
"ALLYSON",
"ALMAN",
"ALMARIA",
"ALMIR",
"ALTAIVA",
"ALTENIR",
"ALUISIO",
"ALUIZIO",
"ALVARO",
"ALVESSENA",
"ALYNE",
"ALYSON",
"ALZENI",
"ALZIRA",
"ALZIVANY",
"AMADJA",
"AMALUSIA",
"AMANDA",
"AMANDDA",
"AMANDY",
"AMANTINO",
"AMARILDO",
"AMARINO",
"AMARO",
"AMAURI",
"AMELIA",
"AMILSON",
"AMIRIA",
"AMON",
"AMOYSA",
"ANA",
"ANAILSON",
"ANAIR",
"ANAISA",
"ANAJULIA",
"ANALICE",
"ANASTACIA",
"ANATALIA",
"ANAYSI",
"ANDERSON",
"ANDERSONN",
"ANDIARA",
"ANDIERISON",
"ANDRE",
"ANDREA",
"ANDREIA",
"ANDREISSA",
"ANDREO",
"ANDRES",
"ANDRESA",
"ANDRESSA",
"ANDRETTI",
"ANDREY",
"ANDREZA",
"ANDREZZA",
"ANE",
"ANEIDE",
"ANELINO",
"ANELISE",
"ANELLYSA",
"ANETE",
"ANGELA",
"ANGELAMARIA",
"ANGELICA",
"ANGELIKE",
"ANGELO",
"ANIBAL",
"ANILZA",
"ANNA",
"ANNAMARIA",
"ANNE",
"ANNICK",
"ANNY",
"ANTHONY",
"ANTOINETTE",
"ANTONIA",
"ANTONIELLI",
"ANTONINO",
"ANTONIO",
"ANTONIONI",
"ANTONNYO",
"ANUSKA",
"ANY",
"APOLINO",
"APUENA",
"AQUILES",
"ARAKEN",
"ARAMIS",
"ARETHE",
"ARGEU",
"ARI",
"ARIADNE",
"ARIANE",
"ARIANO",
"ARINALDO",
"ARISTON",
"ARISTOTELINA",
"ARISTOTELINO",
"ARIVALDO",
"ARKADY",
"ARLAN",
"ARLENE",
"ARLETE",
"ARLINDA",
"ARLINDO",
"ARMANDO",
"ARNALDO",
"ARNAUD",
"ARNOBIO",
"ARRHENIUS",
"ARRILTON",
"ARRISON",
"ARTEJOSE",
"ARTEMISIA",
"ARTHUR",
"ARTUR",
"ARYELLE",
"ASKERY",
"ATELMO",
"ATHANASIOS",
"AUDINEZ",
"AUGUSTO",
"AUNIEBSON",
"AUREA",
"AURELIO",
"AURIGENA",
"AURINO",
"AUTA",
"AUXINILDO",
"AUZELIVIA",
"AVANDO",
"AVELINO",
"AVERLANDIO",
"AYLANA",
"AYLENE",
"AYSLA",
"AZEMAR",
"BARBARA",
"BARNORA",
"BARTIRA",
"BARTOLOMEU",
"BEATRIZ",
"BEETHOVEN",
"BENEDITO",
"BENJAMIN",
"BENTO",
"BERENICE",
"BERGSON",
"BERNADETE",
"BERNARDINO",
"BETANIA",
"BETINA",
"BETTINA",
"BIANCA",
"BISMARCK",
"BONIEK",
"BORIS",
"BRAULIO",
"BRAZ",
"BRENA",
"BRENDA",
"BRENNO",
"BRENO",
"BRUCE",
"BRUMA",
"BRUNA",
"BRUNILLA",
"BRUNNA",
"BRUNO",
"CAIO",
"CALEBE",
"CAMILA",
"CAMILO",
"CANDICE",
"CANDIDA",
"CANDYCE",
"CARINA",
"CARLA",
"CARLOS",
"CARLSON",
"CARMEM",
"CARMEN",
"CARMO",
"CAROLINA",
"CAROLINE",
"CASIO",
"CASSANDRA",
"CASSIA",
"CASSIANO",
"CASSIO",
"CATARINA",
"CATHIA",
"CATIANE",
"CECILIA",
"CELCIMAR",
"CELIA",
"CELIMAR",
"CELIO",
"CELITA",
"CELLINA",
"CELSO",
"CESAR",
"CEZAR",
"CHARLES",
"CHENG",
"CHIANC",
"CHRISTIANE",
"CHRISTIANNE",
"CHRISTINA",
"CHRISTOMYSLLEY",
"CIBELE",
"CIBELLE",
"CICERA",
"CICERO",
"CICLAMIO",
"CID",
"CIJARA",
"CILIANA",
"CIMONE",
"CINARA",
"CINTHYA",
"CINTIA",
"CIPRIANO",
"CIRINEU",
"CIRLENE",
"CIRO",
"CLARA",
"CLARIANA",
"CLARICE",
"CLARISSA",
"CLAUBERTO",
"CLAUDE",
"CLAUDIA",
"CLAUDIANA",
"CLAUDIANE",
"CLAUDIANNY",
"CLAUDIO",
"CLAUDIONOR",
"CLAYTON",
"CLEA",
"CLEANTO",
"CLEBER",
"CLEBIA",
"CLEBSON",
"CLECIA",
"CLECIO",
"CLEDIANE",
"CLEIA",
"CLEIDE",
"CLEITON",
"CLELIA",
"CLEMENTINO",
"CLEMILDES",
"CLEMILTON",
"CLENILSON",
"CLEOMARA",
"CLEONICE",
"CLESIO",
"CLEVELAND",
"CLICERIO",
"CLIMERIO",
"CLODOALDO",
"CLODOMIRO",
"CLOVIS",
"CONCEICAO",
"CORDELIA",
"COSME",
"CREUZA",
"CRISDAVID",
"CRISLANE",
"CRISLUCI",
"CRISTHIANNE",
"CRISTIANA",
"CRISTIANE",
"CRISTIANNE",
"CRISTIANO",
"CRISTINA",
"CRISTOVAM",
"CUSTODIO",
"CYBELE",
"CYNARA",
"CYNTHIA",
"DACIFRAN",
"DAGMAR",
"DAISE",
"DAISY",
"DALIANE",
"DALILA",
"DALINE",
"DALTON",
"DALVA",
"DALVANEIDE",
"DALVANI",
"DALVANIR",
"DALYANA",
"DAMARES",
"DAMASCENO",
"DAMIANA",
"DAMIAO",
"DANDARA",
"DANDIVA",
"DANIEL",
"DANIELA",
"DANIELE",
"DANIELLA",
"DANIELLE",
"DANIELSON",
"DANILLO",
"DANILO",
"DANNIELLY",
"DANUZIA",
"DANY",
"DARCI",
"DARLAN",
"DARLENE",
"DARLIO",
"DAVI",
"DAVID",
"DAVITON",
"DAX",
"DAYANE",
"DAYANNE",
"DAYANY",
"DAYENNE",
"DAYHENNI",
"DAYSE",
"DEBORA",
"DEBORAH",
"DEIBI",
"DEILSON",
"DEIVEDY",
"DEJADIERE",
"DELANDO",
"DELANE",
"DELIANNE",
"DELIO",
"DELSON",
"DENILSON",
"DENIS",
"DENISE",
"DENISIO",
"DENISON",
"DENIZE",
"DENNIS",
"DENNYS",
"DENYSON",
"DERISCLEIA",
"DERIVALDO",
"DESIO",
"DEUSA",
"DEUSDEDIT",
"DEUSIMAR",
"DEUZA",
"DEVANI",
"DEYSE",
"DIANA",
"DICKSON",
"DIEGO",
"DILIAN",
"DIMITRE",
"DIMITRI",
"DINAH",
"DINARA",
"DINARTE",
"DINO",
"DIOGENES",
"DIOGO",
"DIOMADSON",
"DIONE",
"DJAILDE",
"DJAILSON",
"DJALMA",
"DJANNI",
"DMITRY",
"DOMINGOS",
"DOMINIQUE",
"DONALIA",
"DORGIVAL",
"DORY",
"DOUGLAS",
"DRAULIO",
"DULCE",
"DULCINEIDE",
"DURVAL",
"DYEGO",
"DYNARA",
"EBERTON",
"EDESIO",
"EDGAR",
"EDGARD",
"EDIANA",
"EDILEIDE",
"EDILENE",
"EDILEUZA",
"EDILMA",
"EDILSON",
"EDILZA",
"EDIMAR",
"EDINEIDE",
"EDIPO",
"EDIVAL",
"EDIVALDO",
"EDIVAN",
"EDJA",
"EDJANE",
"EDLA",
"EDLUCIA",
"EDMILSON",
"EDNA",
"EDNALDO",
"EDNEIDE",
"EDNEY",
"EDNOR",
"EDRIENE",
"EDSON",
"EDU",
"EDUARDA",
"EDUARDO",
"EDVALDO",
"EDY",
"EDZANA",
"EFRAIN",
"EGMAR",
"EIDER",
"EIJI",
"EINSTEIN",
"ELAINE",
"ELANIA",
"ELAYNNE",
"ELBA",
"ELDA",
"ELDER",
"ELEDIR",
"ELEN",
"ELENA",
"ELEONORA",
"ELIANA",
"ELIANE",
"ELIAS",
"ELIDETE",
"ELIDIEL",
"ELIEDSON",
"ELIELSA",
"ELIENE",
"ELIENICE",
"ELIESER",
"ELIETE",
"ELIEZER",
"ELIGIO",
"ELIKASSYA",
"ELINEI",
"ELINEIA",
"ELINETE",
"ELIOMAR",
"ELIONE",
"ELISA",
"ELISAMA",
"ELISANDRA",
"ELISANGELA",
"ELISANIE",
"ELISETE",
"ELISIO",
"ELISSA",
"ELIZA",
"ELIZABEL",
"ELIZABETE",
"ELIZABETH",
"ELIZABETHE",
"ELIZANE",
"ELIZANGELA",
"ELIZEU",
"ELKA",
"ELKE",
"ELLEN",
"ELMAR",
"ELMO",
"ELOISA",
"ELOISE",
"ELSON",
"ELTON",
"ELVIS",
"ELZA",
"EMANOEL",
"EMANUEL",
"EMANUELA",
"EMANUELE",
"EMANUELLA",
"EMANUELLE",
"EMELIE",
"EMERSON",
"EMIDIO",
"EMILI",
"EMILY",
"EMMANUELLE",
"ENEAS",
"ENEIDA",
"ENGELS",
"ENILDO",
"ENILSON",
"ENIO",
"ENOLEIDE",
"EPIFANIO",
"ERANILSON",
"ERIAMA",
"ERICA",
"ERICK",
"ERICKA",
"ERICKINSON",
"ERICO",
"ERIDA",
"ERIDJA",
"ERIK",
"ERIKA",
"ERIKSON",
"ERINALDO",
"ERIVALDO",
"ERIVAN",
"ERMELINDA",
"ERMETON",
"ERMINIO",
"ERNANDE",
"ERONILSON",
"EROTILDES",
"ERYVALDO",
"ESDRAS",
"ESEQUIAS",
"ESMERALUCIA",
"ESON",
"ESTELA",
"ESTHEPHANIA",
"ESTHER",
"EUDENILSON",
"EUDIONE",
"EUGENIA",
"EUGENIO",
"EULALIA",
"EULER",
"EUNADIA",
"EUNICE",
"EURICO",
"EURIDES",
"EURISTANIA",
"EUSAMAR",
"EUZEBIA",
"EUZEBIO",
"EVA",
"EVALDO",
"EVANDRO",
"EVANE",
"EVANS",
"EVANUCIA",
"EVE",
"EVELINE",
"EVERALDO",
"EVERARDO",
"EVERTON",
"EVILAZIO",
"EWERTON",
"EXPEDITO",
"EZEQUIAS",
"EZEQUIEL",
"FABIA",
"FABIAN",
"FABIANA",
"FABIANE",
"FABIANO",
"FABIO",
"FABIOLA",
"FABRICIA",
"FABRICIO",
"FAGNER",
"FATIMA",
"FEDERICO",
"FELIPE",
"FELISMINO",
"FELIX",
"FELLIPE",
"FERDINAND",
"FERNANDA",
"FERNANDO",
"FIDEL",
"FILIPE",
"FIVIA",
"FLADJANY",
"FLAUBER",
"FLAUBERT",
"FLAVIA",
"FLAVIANA",
"FLAVIANE",
"FLAVIERY",
"FLAVIO",
"FLAVIUS",
"FLAVO",
"FLEIDE",
"FLORA",
"FLORIANO",
"FRANCENILDO",
"FRANCIANE",
"FRANCIANNE",
"FRANCIDALVA",
"FRANCIELE",
"FRANCILEIDE",
"FRANCINE",
"FRANCINETE",
"FRANCIONE",
"FRANCISCA",
"FRANCISCO",
"FRANCK",
"FRANCOIRA",
"FRANCOIS",
"FRANCOISE",
"FRANKLIN",
"FRED",
"FREDERICO",
"FREUDSON",
"FRIEDA",
"FULVIO",
"GABRIEL",
"GABRIELA",
"GABRIELLA",
"GABRIELLE",
"GALTIERI",
"GARDENIA",
"GAUGEFRAN",
"GEANEIDE",
"GEILNE",
"GEILSON",
"GEISIELLY",
"GELSA",
"GELSON",
"GENIBALDO",
"GENIBERTO",
"GENILDO",
"GENIVAL",
"GENTIL",
"GEOMEREZ",
"GEORGE",
"GEORGIA",
"GEOVANEIDE",
"GERALDO",
"GERARDO",
"GERBSON",
"GERCINA",
"GERLANE",
"GERMAN",
"GERMANNA",
"GERMANO",
"GEROMILTON",
"GERSON",
"GERSONEIDE",
"GERUZA",
"GERVASIO",
"GESSICA",
"GETULIO",
"GIANE",
"GIANKA",
"GIBEON",
"GIBSON",
"GIDYENNE",
"GILBERTO",
"GILDASIO",
"GILDENE",
"GILDETE",
"GILDO",
"GILIANE",
"GILKA",
"GILMAR",
"GILMARA",
"GILNEI",
"GILSON",
"GILVAN",
"GILVANDO",
"GILVANIA",
"GILVANILDO",
"GILZEMBERG",
"GIORDANO",
"GIOVANA",
"GIOVANNA",
"GIRLAYNE",
"GISELE",
"GISELLE",
"GISLAINE",
"GISLENE",
"GIULIAN",
"GIULIANA",
"GIULIANNA",
"GIUSEPPI",
"GIZELMA",
"GIZEUDA",
"GLAUBER",
"GLAUCE",
"GLAUCIANA",
"GLAUCIANE",
"GLAUCIO",
"GLAUKO",
"GLAYCE",
"GLEDSON",
"GLEICE",
"GLEIDSON",
"GLEIKO",
"GLEISSE",
"GLENN",
"GLEYBSON",
"GLEYDSON",
"GLICIA",
"GLORIA",
"GLYNNER",
"GRACE",
"GRACIA",
"GRACIELLE",
"GRACIMARA",
"GRACIMARY",
"GRACIO",
"GRACO",
"GRASIELA",
"GRAZIELLA",
"GRAZIELLE",
"GRINAURA",
"GUALTER",
"GUARACI",
"GUILHERME",
"GUNTHINEIA",
"GUSTAVO",
"GUTEMBERGUE",
"GUTENBERG",
"GYLCE",
"GYOVANNY",
"HADASSA",
"HADIELLSON",
"HAILSON",
"HAILTON",
"HALAMO",
"HALCIMA",
"HALINE",
"HALLISSA",
"HALLYSSON",
"HANNAH",
"HANRY",
"HARETON",
"HARIM",
"HAROLDO",
"HARTT",
"HASSAN",
"HEATHER",
"HEBEL",
"HEBERT",
"HECTOR",
"HEITOR",
"HELAINE",
"HELAINY",
"HELANO",
"HELCIO",
"HELDER",
"HELDERES",
"HELEN",
"HELENA",
"HELENICE",
"HELENO",
"HELI",
"HELIANA",
"HELIANE",
"HELIDA",
"HELIO",
"HELLEN",
"HELLYDA",
"HELOISA",
"HELOUISE",
"HELTON",
"HENIO",
"HENNE",
"HENRIQUE",
"HENRY",
"HERBENNY",
"HERBERT",
"HERBET",
"HERBETE",
"HERCIANE",
"HERCULANA",
"HERCULANO",
"HERIC",
"HERICK",
"HERIKA",
"HERMANO",
"HERMES",
"HERMINIO",
"HERNANI",
"HERTZ",
"HEVERTON",
"HEVIO",
"HEYDER",
"HIGOR",
"HILCA",
"HILDA",
"HILDEGARD",
"HINDIAEL",
"HIPOLITO",
"HIRAM",
"HIRONOBU",
"HOMERO",
"HORTEVAN",
"HOSANA",
"HUDSON",
"HUGANISA",
"HUGO",
"HULDMARY",
"HUMBERTO",
"HYLARINA",
"HYLAS",
"IAGE",
"IAN",
"IANA",
"IANNE",
"IANNY",
"IANO",
"IAPONY",
"IARA",
"IASMIM",
"ICARO",
"IDALINA",
"IDALMIS",
"IDAUSA",
"IDIANA",
"IDIVALDO",
"IEDA",
"IESUS",
"IGARA",
"IGOR",
"ILANA",
"ILANE",
"ILARA",
"ILENA",
"ILISDAYNE",
"ILKA",
"ILLANNE",
"ILLIA",
"ILMARA",
"ILUSKA",
"ILZENETE",
"INACIO",
"INAE",
"INAMAR",
"INAURO",
"INDIA",
"INDIRA",
"INGRID",
"INGRYD",
"IOLANDA",
"IONE",
"IRACEMA",
"IRACU",
"IRALICE",
"IRAMARA",
"IRAN",
"IRANI",
"IRANILDO",
"IRANILTON",
"IRENE",
"IRIS",
"ISA",
"ISAAC",
"ISAACK",
"ISABEL",
"ISABELA",
"ISABELE",
"ISABELITA",
"ISABELLA",
"ISABELLE",
"ISABELLY",
"ISAC",
"ISADORA",
"ISAIAS",
"ISANA",
"ISAQUE",
"ISAURA",
"ISAUREMI",
"ISAURO",
"ISIS",
"ISMAEL",
"ISMAIL",
"ISMENIA",
"ISNARA",
"ISRAEL",
"ITALA",
"ITALO",
"ITAMAR",
"ITAMIR",
"ITANILDO",
"IURI",
"IVALDO",
"IVAM",
"IVAN",
"IVANALDO",
"IVANDRO",
"IVANDSON",
"IVANEIDE",
"IVANIELLY",
"IVANILDO",
"IVANILKA",
"IVANISE",
"IVANIZIA",
"IVANNY",
"IVANOEL",
"IVANOR",
"IVANOSCA",
"IVANOVITCH",
"IVELISE",
"IVELY",
"IVETE",
"IVINA",
"IVO",
"IVONE",
"IVONEIDE",
"IVONETE",
"IZAAC",
"IZABEL",
"IZABELLE",
"IZADORA",
"IZAIAS",
"IZALA",
"IZAURA",
"JACIARA",
"JACICLEIDE",
"JACILEIDE",
"JACINTA",
"JACINTO",
"JACIRA",
"JACKELINE",
"JACKSON",
"JACOPO",
"JACQUELINE",
"JACQUELINNE",
"JACYANA",
"JACYENE",
"JADER",
"JADNAELSON",
"JADSON",
"JAHYR",
"JAILDA",
"JAILMA",
"JAILSON",
"JAILTON",
"JAIME",
"JAIR",
"JAIRA",
"JAIRO",
"JALES",
"JAMERSON",
"JAMES",
"JAMILE",
"JAMILLE",
"JAMILSON",
"JANAINA",
"JANE",
"JANETE",
"JANEUSA",
"JANILSON",
"JANINE",
"JANIO",
"JANMILLI",
"JANNE",
"JAQUELIGIA",
"JAQUELINE",
"JAQUES",
"JASON",
"JAZIEL",
"JAZIELLI",
"JEAN",
"JEANCARLO",
"JEANE",
"JEANETE",
"JEANNE",
"JEFERSON",
"JEFFERSON",
"JEFFERSSON",
"JEIEL",
"JEKSON",
"JENNER",
"JENNIFER",
"JENNYS",
"JERFFESON",
"JERONIMO",
"JESAIAS",
"JESONIAS",
"JESSICA",
"JESSICLEY",
"JESSIKA",
"JESSYCA",
"JESUS",
"JHONATAS",
"JOABE",
"JOACY",
"JOADE",
"JOADETE",
"JOADIR",
"JOANA",
"JOANE",
"JOANILDA",
"JOANNES",
"JOAO",
"JOAQUIM",
"JOATA",
"JOATAN",
"JOATAO",
"JOCEKLEYTON",
"JOCELIA",
"JOCELINE",
"JOCIANE",
"JODEYLSON",
"JOEL",
"JOELIA",
"JOELMA",
"JOELSON",
"JOELZA",
"JOHN",
"JOHNNATAS",
"JOICE",
"JOILSON",
"JOIZA",
"JONAS",
"JONATA",
"JONATAS",
"JONATHAN",
"JONIA",
"JORDANA",
"JORDI",
"JORGE",
"JOSAIR",
"JOSALMIR",
"JOSCELIANO",
"JOSE",
"JOSEANE",
"JOSEFA",
"JOSEILCE",
"JOSELENO",
"JOSELI",
"JOSELIA",
"JOSELIO",
"JOSELITO",
"JOSELLY",
"JOSEMAR",
"JOSEMERY",
"JOSENALDE",
"JOSENBERG",
"JOSENEIDE",
"JOSENILDO",
"JOSENILSON",
"JOSEPHY",
"JOSERLANDIA",
"JOSIANA",
"JOSIANE",
"JOSIAS",
"JOSIBEL",
"JOSICLEIDE",
"JOSILDA",
"JOSILENE",
"JOSILETE",
"JOSIMARA",
"JOSINA",
"JOSINALDO",
"JOSINEIDE",
"JOSINETE",
"JOSIVAN",
"JOSIVANIA",
"JOSSANA",
"JOSUE",
"JOSY",
"JOVANKA",
"JOYANNE",
"JOYCE",
"JOYMARA",
"JOYME",
"JUAN",
"JUAREZ",
"JUCIANO",
"JUCIENE",
"JUCILENE",
"JUCIMAR",
"JUDITE",
"JUDITH",
"JUDITHE",
"JUDNEY",
"JUDSON",
"JULIA",
"JULIANA",
"JULIANE",
"JULIANNE",
"JULIANNY",
"JULIANO",
"JULIANY",
"JULIE",
"JULIETE",
"JULIETH",
"JULIO",
"JULITA",
"JULLIANE",
"JULY",
"JULYANA",
"JULYHERME",
"JUNA",
"JURACI",
"JURANDIR",
"JUREMA",
"JUSCELINO",
"JUSCIANO",
"JUSSARA",
"JUSSIER",
"JUSSUER",
"JUVANEIDE",
"JUVENAL",
"KADMA",
"KAISA",
"KALIANO",
"KALIENY",
"KALINA",
"KALINE",
"KALLIL",
"KALLILE",
"KALLINE",
"KALYANE",
"KALYNE",
"KAMILA",
"KAMYLA",
"KAREN",
"KARENINE",
"KARILANY",
"KARILENE",
"KARIME",
"KARINA",
"KARINE",
"KARINNA",
"KARITA",
"KARLA",
"KARLIANE",
"KARLLYAMMO",
"KAROLINE",
"KARYLANE",
"KARYNA",
"KARYNE",
"KASSIO",
"KATARINE",
"KATHERINE",
"KATHIA",
"KATHYLEEN",
"KATIA",
"KATIANE",
"KATIE",
"KATIENE",
"KATIUSCIA",
"KATTARINE",
"KATYA",
"KAYNARA",
"KAYO",
"KEILA",
"KEITH",
"KEITY",
"KEIVILANY",
"KELIENNY",
"KELLEN",
"KELLY",
"KELSIANE",
"KELVIN",
"KENIA",
"KENIO",
"KENNEDY",
"KERCIA",
"KERGINALDO",
"KERLEI",
"KEROLAYNNE",
"KERSTIN",
"KESIA",
"KESSIA",
"KESSYA",
"KEYLA",
"KILDER",
"KILZA",
"KIONARA",
"KISNA",
"KIVHIA",
"KIVIA",
"KIVYSON",
"KLAYTON",
"KLEBER",
"KLEIBER",
"KLEISON",
"KLEYTON",
"KTARINA",
"KURIOS",
"LADDYLA",
"LADY",
"LAECIO",
"LAELSON",
"LAERCIO",
"LAERTE",
"LAHELYA",
"LAIS",
"LAISA",
"LAISE",
"LAISIA",
"LAIZA",
"LAIZE",
"LAMONIARA",
"LANA",
"LANE",
"LANISSA",
"LANNA",
"LANNUZYA",
"LARA",
"LARALIS",
"LARISSA",
"LARISSE",
"LAURA",
"LAURIANA",
"LAURITA",
"LAURO",
"LAVINIA",
"LAWRENCE",
"LAYANE",
"LEANDRO",
"LEANDSON",
"LEDA",
"LEID",
"LEILA",
"LEILANNE",
"LEILIANNE",
"LEIS",
"LELIA",
"LENA",
"LENICIA",
"LENILTON",
"LENISE",
"LEO",
"LEON",
"LEONARDO",
"LEONEL",
"LEONIDAS",
"LEONILSON",
"LEOPOLDO",
"LERCIA",
"LETICIA",
"LETISSANDRA",
"LEVI",
"LIA",
"LIANA",
"LIBNA",
"LICELIO",
"LIDIA",
"LIDIANE",
"LIDIANNE",
"LIDIO",
"LIETI",
"LIGIA",
"LIGIANNE",
"LIGIO",
"LILIA",
"LILIAN",
"LILIANA",
"LILIANE",
"LILIANNE",
"LINCOLN",
"LINDA",
"LINDALVA",
"LINDEMBERG",
"LINDIJANE",
"LINDOLFO",
"LINDUARTE",
"LISABETE",
"LISANDRA",
"LISIE",
"LISIEUX",
"LISS",
"LISSA",
"LIVIA",
"LIVIO",
"LIZ",
"LIZIANNE",
"LIZIE",
"LORAINE",
"LORE",
"LORENA",
"LORENNA",
"LOUISE",
"LOUISIANNY",
"LOURDES",
"LOURENA",
"LOURIVAL",
"LOUSARDO",
"LUAN",
"LUANA",
"LUANDA",
"LUANN",
"LUANNA",
"LUCAS",
"LUCELIO",
"LUCIA",
"LUCIANA",
"LUCIANE",
"LUCIANI",
"LUCIANNA",
"LUCIANO",
"LUCIEN",
"LUCIENE",
"LUCILA",
"LUCILDA",
"LUCILEIDE",
"LUCIMAR",
"LUCINEIA",
"LUCINEIDE",
"LUCIO",
"LUCIVANIA",
"LUCRECIO",
"LUCYMARA",
"LUCYPAULA",
"LUIS",
"LUIZ",
"LUIZA",
"LUIZY",
"LUTIANE",
"LUZ",
"LUZANIRA",
"LUZIA",
"LUZIANA",
"LUZIENE",
"LUZIMAR",
"LUZIMARA",
"LUZINETE",
"LYANE",
"LYGIA",
"LYRENE",
"LYSANDRA",
"LYVIA",
"MABEL",
"MACERLY",
"MACIEL",
"MACILON",
"MADRAS",
"MAGALI",
"MAGDA",
"MAGDALENA",
"MAGDI",
"MAGNA",
"MAGNALDA",
"MAGNO",
"MAGNOLIA",
"MAGNUS",
"MAHAYANA",
"MAIANNA",
"MAIARA",
"MAISA",
"MAIZA",
"MAKARIOS",
"MALCON",
"MANASSES",
"MANILO",
"MANOEL",
"MANOELLA",
"MANUEL",
"MANUELA",
"MARA",
"MARALICE",
"MARCEL",
"MARCELA",
"MARCELINO",
"MARCELLA",
"MARCELLE",
"MARCELLO",
"MARCELO",
"MARCIA",
"MARCIANO",
"MARCILIO",
"MARCIO",
"MARCIONEIDE",
"MARCO",
"MARCONDES",
"MARCONE",
"MARCONI",
"MARCONIO",
"MARCOS",
"MARCUS",
"MARGARETH",
"MARGARETTI",
"MARGARIDA",
"MARGARITA",
"MARIA",
"MARIANA",
"MARIANE",
"MARIANGELA",
"MARIANNE",
"MARIANO",
"MARICELE",
"MARILDA",
"MARILEIDE",
"MARILEILA",
"MARILENE",
"MARILIA",
"MARINA",
"MARINES",
"MARINEZA",
"MARIO",
"MARISA",
"MARISE",
"MARISIO",
"MARISTELA",
"MARIZA",
"MARIZALDO",
"MARIZE",
"MARIZO",
"MARJORIE",
"MARJORY",
"MARKE",
"MARKUS",
"MARLE",
"MARLENE",
"MARLI",
"MARLIETE",
"MARLLON",
"MARLOS",
"MARLUCE",
"MARLUCIA",
"MARLY",
"MARSILENE",
"MARTA",
"MARTHA",
"MARTIN",
"MASSILDE",
"MATEUS",
"MATHEUS",
"MATILDE",
"MATTHIEU",
"MAUREN",
"MAURICEIA",
"MAURICELIO",
"MAURICIO",
"MAURILIO",
"MAURITY",
"MAURO",
"MAX",
"MAXSON",
"MAXWELL",
"MAYANE",
"MAYARA",
"MAYONARA",
"MAYRA",
"MEIRE",
"MELINA",
"MELISSA",
"MELKA",
"MELQUESEDEQUE",
"MELYNA",
"MENELEU",
"MENILLA",
"MERCES",
"MERCIA",
"MEYRE",
"MEYSAM",
"MICHAEL",
"MICHEL",
"MICHELE",
"MICHELINE",
"MICHELLE",
"MICHELLINE",
"MIDIA",
"MIDIAM",
"MIDORI",
"MIGUEL",
"MIKELLY",
"MILENA",
"MILENE",
"MILKIA",
"MILLENA",
"MILTON",
"MILVA",
"MIQUEIAS",
"MIRACY",
"MIRADALVA",
"MIRALVA",
"MIRANICE",
"MIRELLA",
"MIRIA",
"MIRIAM",
"MIRIAN",
"MIRLA",
"MIRNARI",
"MOAB",
"MOACIR",
"MOACY",
"MOALDECIR",
"MOEMA",
"MOISES",
"MONACI",
"MONALISA",
"MONALIZA",
"MONICA",
"MONIQUE",
"MONISE",
"MONIZE",
"MONYKA",
"MORGANA",
"MORTON",
"MOUSANIEL",
"MOYSES",
"MUIRAKYTAN",
"MURILLO",
"MURILO",
"MYCHELLE",
"MYLENA",
"MYLLENA",
"NADIA",
"NADJA",
"NADSON",
"NAI",
"NAIANNE",
"NAICHE",
"NAINA",
"NAIRA",
"NAIRE",
"NAISANDRA",
"NAIYAN",
"NALVA",
"NAN",
"NANCY",
"NARA",
"NASTASSJA",
"NATALIA",
"NATALIE",
"NATANIA",
"NATANY",
"NATASHA",
"NATERCIO",
"NATHALIA",
"NATHALY",
"NATHALYA",
"NATHANY",
"NATJA",
"NAYANA",
"NAYARA",
"NAYDA",
"NAZINEIDE",
"NEDJA",
"NEEMIAS",
"NEIDA",
"NEIL",
"NEILMA",
"NEILSON",
"NELI",
"NELIO",
"NELSON",
"NELY",
"NERIDEUS",
"NERIVANIA",
"NESIO",
"NESTOR",
"NEUCIANE",
"NEUMA",
"NEUSIENE",
"NEY",
"NEYJMME",
"NEYMAR",
"NEYRE",
"NEYSE",
"NG",
"NICOLAU",
"NICOLE",
"NIEDSON",
"NIEGIA",
"NILA",
"NILBA",
"NILBERTO",
"NILDA",
"NILMA",
"NILO",
"NILSON",
"NILTON",
"NILZA",
"NIOMAR",
"NIR",
"NIREIDE",
"NIVALDO",
"NIVIA",
"NIVIAN",
"NIZETE",
"NIZIA",
"NKARTHE",
"NOELI",
"NOELIA",
"NOEMEA",
"NOMINANDO",
"NORBERTO",
"NORMA",
"NUBIA",
"NURIA",
"NYLADIH",
"OBERLAN",
"OCTAVIO",
"ODENISE",
"ODILENE",
"ODILENO",
"ODIRLEI",
"OLAVO",
"OLGA",
"OLGANIELLE",
"OLIVIA",
"ONEIDE",
"ONELIA",
"ONILDO",
"ORGIVAL",
"ORIONE",
"ORISON",
"ORIVALDO",
"ORLANDO",
"OSCAR",
"OSSIAN",
"OSVALDO",
"OSWALDO",
"OTACILIO",
"OTANIO",
"OTOM",
"OTONIEL",
"OTTO",
"OZENILDA",
"OZIAS",
"OZIMAR",
"PABLO",
"PAGANDAI",
"PALLOMA",
"PALOMA",
"PAMELA",
"PAMERA",
"PATRICIA",
"PATRICK",
"PAULA",
"PAULIANE",
"PAULO",
"PEDRO",
"PENELOPE",
"PERICLES",
"PETALA",
"PETRAS",
"PETRONIO",
"PETRUS",
"PETTERSON",
"PETTRUS",
"PHIETICA",
"PHILIPPE",
"PHILLYPE",
"PIO",
"PITAGORAS",
"PLEDSON",
"PLINIO",
"POLIANA",
"POLLYANA",
"POLLYANNA",
"POLYANA",
"POLYANNE",
"PRISCILA",
"PRISCILLA",
"PROTASIO",
"RACHEL",
"RADEGUNDIS",
"RADMILA",
"RAFAEL",
"RAFAELA",
"RAFAELLA",
"RAFAELLE",
"RAI",
"RAIANE",
"RAIANO",
"RAIFF",
"RAILSON",
"RAIMAR",
"RAIMUNDA",
"RAIMUNDO",
"RAINETE",
"RAIONARA",
"RAISSA",
"RAIZA",
"RAMON",
"RAMSES",
"RAND",
"RANDOLFO",
"RANE",
"RANIELLE",
"RANIERY",
"RANILSON",
"RANNIERY",
"RAPHAEL",
"RAPHAELLA",
"RAQUEL",
"RAQUELINE",
"RAUL",
"RAVENNA",
"RAYANA",
"RAYANE",
"RAYANNA",
"RAYANNE",
"RAYRON",
"RAYSSA",
"REBECA",
"REBECCA",
"REBEKKA",
"REGIBERTO",
"REGINA",
"REGINALDO",
"REGIVAN",
"REIDSON",
"REILDA",
"REINALDO",
"REIVLA",
"REJANE",
"RENAILDA",
"RENAM",
"RENAN",
"RENATA",
"RENATO",
"RENCIO",
"RENE",
"RENY",
"RERICA",
"REX",
"REYMARD",
"REYNALDO",
"RHANNIEL",
"RHUAMA",
"RHUAN",
"RHUDSON",
"RICARDO",
"RICCARDO",
"RICELLE",
"RICHARDSON",
"RICHELE",
"RIDALVO",
"RIDAN",
"RIELLY",
"RIMENA",
"RINADJA",
"RITA",
"RIVA",
"RIVALDO",
"RIVANALDO",
"RIVUS",
"RIZIA",
"ROAN",
"ROBERIO",
"ROBERTA",
"ROBERTO",
"ROBERTTHA",
"ROBERVAL",
"ROBINSON",
"ROBSON",
"ROCHELE",
"RODIO",
"RODIVAN",
"RODOLFO",
"RODRIGO",
"ROGERIO",
"ROGERSON",
"ROMAYANA",
"ROMERITO",
"ROMERO",
"ROMILDO",
"ROMILSON",
"ROMOALDO",
"ROMUALDO",
"ROMULO",
"RONABSON",
"RONAI",
"RONALDO",
"RONEDILK",
"RONNIE",
"RONNY",
"ROOSEWELT",
"ROSA",
"ROSALIA",
"ROSANA",
"ROSANE",
"ROSANEIDE",
"ROSANGELA",
"ROSANNE",
"ROSAVER",
"ROSE",
"ROSEANA",
"ROSEANE",
"ROSELENE",
"ROSELI",
"ROSELY",
"ROSEMARY",
"ROSEMEIRE",
"ROSENALDO",
"ROSENEIDE",
"ROSIANA",
"ROSICLEA",
"ROSIE",
"ROSIMEIRE",
"ROSINETE",
"ROSIRES",
"ROSSANA",
"ROVENA",
"ROZANGELA",
"ROZANNE",
"ROZELI",
"RUANA",
"RUBENIA",
"RUBENILSON",
"RUBENS",
"RUCKER",
"RUI",
"RUMMENIGGE",
"RUSCELI",
"RUTACIO",
"RUTE",
"RUTH",
"RUTHINEIA",
"RUTHNALDO",
"RUTILENE",
"RUY",
"SABRINA",
"SABRINNE",
"SAINT",
"SAIONARA",
"SALETE",
"SALICHOA",
"SALOME",
"SALVINA",
"SAMAHERNI",
"SAMARA",
"SAMIA",
"SAMIR",
"SAMIRA",
"SAMUEL",
"SAMYR",
"SANCHA",
"SANDERSON",
"SANDI",
"SANDRA",
"SANDRO",
"SANEIRIANY",
"SANTOS",
"SANZIA",
"SAONARA",
"SARA",
"SARAH",
"SAUL",
"SAULO",
"SAVIO",
"SAYONARA",
"SCHIRLEY",
"SEBASTIAN",
"SEBASTIANA",
"SEBASTIAO",
"SEDINA",
"SELAN",
"SELMA",
"SEMELY",
"SERGEI",
"SERGIO",
"SERVULO",
"SEVERINA",
"SEVERINO",
"SHALINE",
"SHARLINE",
"SHAYANNA",
"SHEILA",
"SHEILLA",
"SHEYLA",
"SHEYLENA",
"SHIRLEY",
"SHIRLLE",
"SIBELE",
"SIDARTA",
"SIDNEY",
"SILENA",
"SILENO",
"SILVAGNER",
"SILVANA",
"SILVANO",
"SILVESTRE",
"SILVIA",
"SILVIO",
"SIMONE",
"SISLLEY",
"SOCRATES",
"SOLANGE",
"SOLON",
"SONAYDY",
"SONEMY",
"SONIA",
"SORAIA",
"SORANEIDE",
"SORAYA",
"STEFFERSON",
"STELA",
"STELLA",
"STENIA",
"STENIO",
"STEPHANIE",
"STEVENSON",
"STHONE",
"SUEILHA",
"SUELENE",
"SUELI",
"SUELY",
"SUENI",
"SUENIA",
"SUIANNY",
"SULANE",
"SULEMI",
"SUNARA",
"SUSANA",
"SUYANA",
"SUZANA",
"SUZARA",
"SUZERICA",
"SUZIANE",
"SUZIANNE",
"SYLVIA",
"SYLVIO",
"SYMONE",
"TAANAKE",
"TABATTA",
"TACIANA",
"TACIANO",
"TACITO",
"TAIANA",
"TAIANE",
"TAINARA",
"TAISE",
"TAIZA",
"TALES",
"TALITA",
"TALLES",
"TALLITA",
"TAMAR",
"TAMARA",
"TAMILA",
"TAMMS",
"TANIA",
"TANIRO",
"TARCILIO",
"TARCIRO",
"TARCISIO",
"TARCISO",
"TARSILA",
"TASIA",
"TASSIA",
"TASSIANA",
"TASSOS",
"TATHIANY",
"TATIANA",
"TATIANE",
"TATYANA",
"TAYLOR",
"TAYSSA",
"TED",
"TELMA",
"TEODORA",
"TERCIA",
"TERCIANO",
"TERESA",
"TERESINHA",
"TEREZA",
"TEREZINHA",
"THAINA",
"THAIS",
"THAISA",
"THAISE",
"THAISSA",
"THAIZ",
"THAIZA",
"THALES",
"THALITA",
"THALLES",
"THATIANE",
"THATYANE",
"THAUANA",
"THAYS",
"THAYSE",
"THAYZA",
"THAZIA",
"THAZIO",
"THECYUS",
"THELMA",
"THEMIS",
"THEMISTOCLES",
"THEO",
"THERCIO",
"THEREZA",
"THIAGO",
"THIARE",
"THIEGO",
"THOMAS",
"THOMAZ",
"THULIO",
"THYRONE",
"TIAGO",
"TIARA",
"TIBERIO",
"TICIANA",
"TICIANE",
"TICIANO",
"TIRZAH",
"TITO",
"TOBIAS",
"TOMAS",
"TOMAZ",
"TOMMASO",
"TULIA",
"TULIO",
"TULLIO",
"UBIRAJARA",
"UBIRATAN",
"UBIRATHAN",
"UILIETE",
"UIRA",
"ULISSES",
"ULYSSES",
"UMBERTO",
"URSULA",
"VAGNER",
"VALBER",
"VALDECI",
"VALDECIO",
"VALDECY",
"VALDEMAR",
"VALDEMIR",
"VALDENIA",
"VALDENIDES",
"VALDI",
"VALDICE",
"VALDIR",
"VALDIRA",
"VALDSON",
"VALENTIN",
"VALERIA",
"VALESKA",
"VALQUIRIA",
"VALTEMIA",
"VALTER",
"VAMBERTO",
"VANCI",
"VANDA",
"VANDER",
"VANDERLEI",
"VANDINER",
"VANESSA",
"VANIA",
"VANILDO",
"VANISSE",
"VANJA",
"VANUSA",
"VANUZA",
"VANUZIA",
"VEDER",
"VELASQUEZ",
"VENERANDO",
"VENILSON",
"VERA",
"VERBENA",
"VERIDIANO",
"VERNER",
"VERONICA",
"VERUSKA",
"VESCIO",
"VIANA",
"VICENTE",
"VICTOR",
"VIDAL",
"VIKTOR",
"VILANI",
"VILMA",
"VINCENT",
"VINICIO",
"VINICIUS",
"VIRGILIO",
"VIRGINIA",
"VITAL",
"VITOR",
"VITORIA",
"VITTOR",
"VIVIAN",
"VIVIANE",
"VIVIANNE",
"VLADIMIR",
"VOLNEY",
"WADLEIGHN",
"WAGNER",
"WALANNE",
"WALBER",
"WALDECIO",
"WALDENICE",
"WALDO",
"WALERIA",
"WALESKA",
"WALKER",
"WALLACE",
"WALLACY",
"WALNESIA",
"WALTECA",
"WALTER",
"WANDERLEIA",
"WANDERLEY",
"WANESSA",
"WANUSIA",
"WARLEY",
"WASHINGTON",
"WATTSON",
"WEBER",
"WEDNEY",
"WELLINGTON",
"WENDELL",
"WERNER",
"WESLEY",
"WEVERSON",
"WEVERTON",
"WIARA",
"WICLIFFE",
"WIEBKE",
"WILACI",
"WILDERSON",
"WILKER",
"WILLAME",
"WILLIAM",
"WILLIAN",
"WILLIANE",
"WILMA",
"WILSON",
"WILSYNNARA",
"WINIFRED",
"WINSTON",
"WOUBER",
"XISTO",
"YAN",
"YANA",
"YANAK",
"YANKO",
"YARA",
"YASHA",
"YASMIN",
"YCARO",
"YOLANDA",
"YOLE",
"YULYANNA",
"YURI",
"ZACARIAS",
"ZAIRA",
"ZAMA",
"ZANIA",
"ZANKENNEDY",
"ZAQUEU",
"ZELIA",
"ZENAIDE",
"ZENEWTON",
"ZENOBIO",
"ZEU",
"ZILANE",
"ZILIANE",
"ZILMAR",
"ZIRLEIDE",
"ZIVANILSON",
"ZORAIDE",
"ZORANO",
"ZULAMAR",
"ZULEIDE",
"ZULMARA"